{
  "rmse": 0.14454615361465925,
  "mae": 0.10333576798439026,
  "r2": -0.5988184213638306
}