{
  "catboost": {
    "rmse": 0.18362038753271695,
    "rmse_std": 0.035250866487193964,
    "mae": 0.09909176896345163,
    "mae_std": 0.01999686790156332,
    "r2": -0.10333920458095573,
    "r2_std": 0.07695727951937247
  },
  "lightgbm": {
    "rmse": 0.18021547264949497,
    "rmse_std": 0.033197410431622464,
    "mae": 0.09426999129823205,
    "mae_std": 0.02145451052058178,
    "r2": -0.06577680194506914,
    "r2_std": 0.06514837512229389
  },
  "xgboost": {
    "rmse": 0.17875009511372386,
    "rmse_std": 0.03301643946561594,
    "mae": 0.09286847453645493,
    "mae_std": 0.01997932139356661,
    "r2": -0.04777746248055884,
    "r2_std": 0.04470671098107917
  },
  "ridge": {
    "rmse": 0.19108941673145421,
    "rmse_std": 0.031462578759259306,
    "mae": 0.10673067976710808,
    "mae_std": 0.013619780657298476,
    "r2": -0.20726656110566766,
    "r2_std": 0.05601289746230725
  }
}