{
  "catboost": {
    "accuracy": 0.5272065333047898,
    "accuracy_std": 0.018796178659801894,
    "auc": 0.5281818813401468,
    "auc_std": 0.03986648193087456,
    "logloss": 0.8903371273151982,
    "logloss_std": 0.222311010373067
  },
  "lightgbm": {
    "accuracy": 0.5317500999904617,
    "accuracy_std": 0.019943812933361903,
    "auc": 0.5415737337233546,
    "auc_std": 0.022742073630457806,
    "logloss": 0.7106598148284711,
    "logloss_std": 0.018683530927469074
  },
  "xgboost": {
    "accuracy": 0.5246366598993735,
    "accuracy_std": 0.008880725566541993,
    "auc": 0.529137360111577,
    "auc_std": 0.01970186305372147,
    "logloss": 0.7438946290193443,
    "logloss_std": 0.06034290781013422
  },
  "random_forest": {
    "accuracy": 0.5298952026465167,
    "accuracy_std": 0.005572286862356528,
    "auc": 0.5384963697161497,
    "auc_std": 0.013536597964173922,
    "logloss": 0.7040727669056346,
    "logloss_std": 0.013579930351777023
  },
  "logistic": {
    "accuracy": 0.5282796597340741,
    "accuracy_std": 0.02843455307148763,
    "auc": 0.530592677427301,
    "auc_std": 0.02839606082514033,
    "logloss": 0.771207214411277,
    "logloss_std": 0.0649775649100828
  }
}