{
  "accuracy": 0.539512475731646,
  "auc": 0.5601240503528759
}