{
  "type": "return",
  "seq_len": 5,
  "metrics": {
    "rmse": 0.388985,
    "mae": 0.182937,
    "r2": -13.9934
  }
}