{
  "dataset02": {
    "KMeans": {
      "silhouette": 0.2838542344783782,
      "db": 0.9555661953895087,
      "ch": 2329.4371836478826,
      "n_clusters": 16
    },
    "DBSCAN": {
      "silhouette": 0.41382786375149716,
      "db": 0.5996953020097521,
      "ch": 48.11904616959477,
      "n_clusters": 2,
      "noise_ratio": 0.01175
    }
  },
  "dataset03": {
    "KMeans": {
      "silhouette": 0.31554470037825183,
      "db": 1.1577256320598661,
      "ch": 6957.162639510166,
      "n_clusters": 3
    },
    "DBSCAN": {
      "silhouette": 0.3725981452885354,
      "db": 0.5510597860593662,
      "ch": 17.197483881125017,
      "n_clusters": 2,
      "noise_ratio": 0.0014666666666666667
    }
  },
  "dataset04": {
    "KMeans": {
      "silhouette": 0.44736887827969146,
      "db": 0.975904265483746,
      "ch": 5087.688517434967,
      "n_clusters": 5
    },
    "DBSCAN": {
      "silhouette": 0.42727607320176575,
      "db": 1.0012560569335651,
      "ch": 5399.583473067519,
      "n_clusters": 6,
      "noise_ratio": 0.015
    }
  }
}