{
  "rmse": 0.13093962984014407,
  "mae": 0.090397410094738,
  "r2": -0.31198322772979736
}