{
  "rmse": 0.1209040162890025,
  "mae": 0.0812913179397583,
  "r2": -0.11858129501342773
}