{
  "accuracy": 0.5554037535054289,
  "auc": 0.5939880223933703
}