{
  "accuracy": 0.5161429495937297,
  "auc": 0.5629848520939533
}